Nome,Squadra,MvH,FvH,MvH_Classification,FvH_Classification
ADOPO,Atalanta,6.314,6.975,A,A
BAKKER,Atalanta,0.0,0.0,D,D
CARNESECCHI,Atalanta,6.35,4.63,A,D
DE KETELAERE,Atalanta,6.0969999999999995,7.147,B,A
DE ROON,Atalanta,35.8,36.07,A,A
DEMIRAL,Atalanta,24.41,24.85,A,A
DJIMSITI,Atalanta,34.980000000000004,34.900000000000006,A,A
EDERSON D.S.,Atalanta,6.0865,6.2705,B,B
HATEBOER,Atalanta,29.889999999999997,30.580000000000002,A,A
HATEBOER,Atalanta,29.889999999999997,30.580000000000002,A,A
HOLM,Atalanta,6.06,6.17,B,B
KOLASINAC,Atalanta,6.0,6.0,B,B
KOOPMEINERS,Atalanta,6.329000000000001,6.884,A,A
LATTE LATH,Atalanta,0.0,0.0,D,D
LOOKMAN,Atalanta,5.7909999999999995,6.051,C,C
MAEHLE,Atalanta,5.8635,6.0145,C,B
MIRANCHUK,Atalanta,6.0075,6.608500000000001,B,B
MURIEL,Atalanta,31.06,35.95,A,A
MUSSO,Atalanta,30.88,24.299999999999997,A,A
PALOMINO,Atalanta,30.02,30.07,A,A
PASALIC,Atalanta,29.66,32.92,A,A
ROSSI F.,Atalanta,5.85,4.85,B,C
RUGGERI,Atalanta,22.95,23.36,A,A
SCALVINI,Atalanta,5.9115,5.990500000000001,B,C
SCAMACCA,Atalanta,24.64,26.94,A,A
TOLOI,Atalanta,30.14,30.48,A,A
TOURE' E.,Atalanta,0.0,0.0,D,D
ZAPPACOSTA,Atalanta,29.669999999999998,30.85,A,A
ZORTEA,Atalanta,6.067,6.459,B,A
AEBISCHER,Bologna,5.8975,5.8565000000000005,C,D
AMEY,Bologna,6.5,6.5,A,A
BAGNOLINI,Bologna,0.0,0.0,D,D
BARROW,Bologna,30.25,33.47,A,A
BEUKEMA,Bologna,6.0,6.0,B,B
BONIFAZI,Bologna,29.2,28.990000000000002,A,A
CALAFIORI,Bologna,5.734,5.584,C,D
CORAZZA,Bologna,5.5,5.5,D,D
DE SILVESTRI,Bologna,29.61,30.75,A,A
DOMINGUEZ,Bologna,23.97,24.09,A,A
EL AZZOUZI,Bologna,6.0,6.0,B,C
FABBIAN,Bologna,0.0,0.0,D,D
FERGUSON,Bologna,6.422,7.654999999999999,A,A
FREULER,Bologna,24.56,25.25,A,A
KARLSSON,Bologna,6.0,6.0,B,C
KRISTIANSEN,Bologna,0.0,0.0,D,D
LUCUMI',Bologna,5.773999999999999,5.728999999999999,C,D
LYKOGIANNIS,Bologna,34.47,35.31,A,A
MORO N.,Bologna,6.186999999999999,6.265,B,B
NDOYE,Bologna,6.25,6.25,A,B
ORSOLINI,Bologna,36.03,39.339999999999996,A,A
POSCH,Bologna,5.860999999999999,5.853999999999999,C,C
PYYHTIA,Bologna,5.999999999999999,6.231,C,B
RAIMONDO,Bologna,6.0,6.0,B,C
RAVAGLIA F.,Bologna,5.88,3.38,B,D
SAELEMAEKERS,Bologna,5.9795,6.159000000000001,C,C
SCHOUTEN,Bologna,5.961,6.0245,C,C
SKORUPSKI,Bologna,37.379999999999995,30.27,A,A
SOSA,Bologna,5.39,5.28,D,D
SOUMAORO,Bologna,5.862500000000001,5.6805,C,D
URBANSKI,Bologna,5.5,5.5,D,D
VAN HOOIJDONK,Bologna,6.0,6.0,B,C
VIGNATO,Bologna,23.91,24.86,A,A
ZIRKZEE,Bologna,6.064,6.361000000000001,B,C
ALTARE,Cagliari,5.97,6.0,B,B
ARESTI,Cagliari,0.0,0.0,D,D
AUGELLO,Cagliari,23.07,23.55,A,A
AZZI,Cagliari,5.75,5.75,C,D
CAPRADOSSI,Cagliari,6.35,6.35,A,A
DEIOLA,Cagliari,23.15,23.169999999999998,A,A
DI PARDO,Cagliari,6.0,6.0,B,B
DOSSENA,Cagliari,5.5,5.5,D,D
GOLDANIGA,Cagliari,28.48,28.21,A,A
JANKTO,Cagliari,23.490000000000002,24.39,A,A
KOURFALIDIS,Cagliari,6.0,6.0,B,C
LAPADULA,Cagliari,5.736000000000001,6.2045,C,C
LELLA,Cagliari,0.0,0.0,D,D
LUVUMBO,Cagliari,6.0,6.0,B,C
MAKOUMBOU,Cagliari,5.75,5.75,D,D
MANCOSU,Cagliari,0.0,0.0,D,D
NANDEZ,Cagliari,6.076499999999999,6.0975,B,C
OBERT,Cagliari,5.614,5.614,D,D
ORISTANIO,Cagliari,5.75,5.75,D,D
PAVOLETTI,Cagliari,29.87,32.89,A,A
PETAGNA,Cagliari,30.3,34.1,A,A
PRATI,Cagliari,0.0,0.0,D,D
RADUNOVIC,Cagliari,6.274,5.3759999999999994,A,B
ROG,Cagliari,23.75,24.21,A,A
SCUFFET,Cagliari,5.822,4.285,B,D
SHOMURODOV,Cagliari,23.53,25.169999999999998,A,A
SULEMANA I.,Cagliari,5.800999999999999,5.755999999999999,C,D
VIOLA,Cagliari,6.0705,6.7115,B,B
WIETESKA,Cagliari,0.0,0.0,D,D
ZAPPA,Cagliari,5.708500000000001,5.657,C,D
BALDANZI,Empoli,6.097500000000001,6.327,B,B
BELARDINELLI,Empoli,0.0,0.0,D,D
BERESZYNSKI,Empoli,28.640000000000004,28.5,A,A
BERISHA,Empoli,6.02,4.8435,B,C
CACACE,Empoli,5.594,5.5024999999999995,D,D
CAMBIAGHI,Empoli,6.071999999999999,6.27,B,C
CANCELLIERI,Empoli,5.804500000000001,5.8795,C,D
CAPRILE,Empoli,5.0,4.0,C,D
CAPUTO,Empoli,29.83,33.86,A,A
CROCIATA,Empoli,5.828500000000001,5.8795,C,D
DEGLI INNOCENTI,Empoli,0.0,0.0,D,D
DESTRO,Empoli,29.96,34.4,A,A
EBUEHI,Empoli,5.8275,6.074,C,B
EKONG,Empoli,0.0,0.0,D,D
FAZZINI,Empoli,5.619999999999999,5.59,D,D
GRASSI,Empoli,35.03,34.49,A,A
GUARINO,Empoli,0.0,0.0,D,D
GYASI,Empoli,22.759999999999998,23.53,A,A
HAAS,Empoli,22.93,22.54,A,A
HENDERSON L.,Empoli,5.880999999999999,5.832,C,D
ISMAJLI,Empoli,22.78,22.36,A,A
KOVALENKO,Empoli,5.902,5.936999999999999,C,D
LUPERTO,Empoli,27.990000000000002,27.82,A,A
MALDINI,Empoli,6.148,6.651999999999999,B,B
MALEH,Empoli,5.887999999999999,5.91,C,D
MARIN,Empoli,23.87,24.44,A,A
PERISAN,Empoli,5.3629999999999995,3.5789999999999997,C,D
PEZZELLA GIU.,Empoli,33.92,33.620000000000005,A,A
RANOCCHIA F.,Empoli,6.17,6.42,B,B
SHPENDI S.,Empoli,5.75,5.75,C,D
STOJANOVIC,Empoli,5.739,5.7059999999999995,C,D
STUBLJAR,Empoli,0.0,0.0,D,D
TONELLI,Empoli,28.169999999999998,28.39,A,A
WALUKIEWICZ,Empoli,5.6885,5.6345,D,D
AMATUCCI,Fiorentina,0.0,0.0,D,D
AMRABAT,Fiorentina,6.024,5.987000000000001,B,D
ARTHUR MELO,Fiorentina,6.5,7.0,A,A
BARAK,Fiorentina,29.65,32.22,A,A
BELTRAN L.,Fiorentina,6.0,6.0,B,C
BENASSI,Fiorentina,23.32,24.2,A,A
BIRAGHI,Fiorentina,36.53,40.650000000000006,A,A
BONAVENTURA,Fiorentina,37.35,42.129999999999995,A,A
BREKALO,Fiorentina,6.114000000000001,6.1715,B,C
CABRAL,Fiorentina,6.146999999999999,7.078999999999999,B,B
CASTROVILLI,Fiorentina,6.026,6.2379999999999995,B,B
CHRISTENSEN O.,Fiorentina,6.0,4.0,B,D
DODO',Fiorentina,5.9639999999999995,5.994,B,C
DUNCAN,Fiorentina,36.44,41.209999999999994,A,A
GONZALEZ N.,Fiorentina,6.324000000000001,7.525500000000001,A,A
IKONE',Fiorentina,5.982,6.3309999999999995,C,B
INFANTINO,Fiorentina,0.0,0.0,D,D
JOVIC,Fiorentina,5.98,6.56,B,B
KAYODE,Fiorentina,7.0,7.0,A,A
KOKORIN,Fiorentina,5.924999999999999,5.885999999999999,B,D
KOUAME',Fiorentina,5.8375,6.0825000000000005,C,C
MANDRAGORA,Fiorentina,35.94,38.05,A,A
MARTINELLI T.,Fiorentina,0.0,0.0,D,D
MARTINEZ QUARTA,Fiorentina,22.62,22.1,A,A
MILENKOVIC,Fiorentina,35.58,35.589999999999996,A,A
MINA,Fiorentina,0.0,0.0,D,D
NZOLA,Fiorentina,24.04,26.98,A,A
PARISI,Fiorentina,5.977500000000001,5.968500000000001,B,C
PIEROZZI,Fiorentina,0.0,0.0,D,D
RANIERI L.,Fiorentina,6.117500000000001,6.071000000000001,B,B
SABIRI,Fiorentina,5.891,6.130999999999999,C,C
SOTTIL,Fiorentina,23.75,24.54,A,A
TERRACCIANO,Fiorentina,30.57,25.55,A,A
BAEZ,Frosinone,6.1,6.1,B,C
BARRENECHEA,Frosinone,6.199999999999999,5.85,B,D
BIDAOUI,Frosinone,0.0,0.0,D,D
BORRELLI,Frosinone,6.0,6.0,B,C
BOURABIA,Frosinone,23.65,24.24,A,A
BRESCIANINI,Frosinone,6.0,6.0,B,C
CASO,Frosinone,6.5,6.5,A,B
CEROFOLINI,Frosinone,6.38,5.5,A,A
CHEDDIRA,Frosinone,6.0,6.0,B,C
CUNI,Frosinone,6.0,6.0,B,C
FRATTALI,Frosinone,6.5,4.5,A,D
GARRITANO,Frosinone,6.332,6.332,A,B
GELLI,Frosinone,5.75,5.5,D,D
HAOUDI,Frosinone,0.0,0.0,D,D
HARROUI,Frosinone,6.131,6.911,B,A
KAIO JORGE,Frosinone,5.75,5.75,C,D
KALAJ,Frosinone,0.0,0.0,D,D
KLITTEN,Frosinone,0.0,0.0,D,D
KVERNADZE,Frosinone,5.5,5.5,D,D
LIROLA,Frosinone,5.944000000000001,6.077,B,B
LULIC K.,Frosinone,0.0,0.0,D,D
MARCHIZZA,Frosinone,23.57,23.31,A,A
MATEUS LUSUARDI,Frosinone,0.0,0.0,D,D
MAZZITELLI,Frosinone,5.729,5.566000000000001,D,D
MONTERISI,Frosinone,6.25,7.75,A,A
OKOLI,Frosinone,5.71,5.61,C,D
OYONO,Frosinone,5.75,5.5,C,D
PALMISANI,Frosinone,0.0,0.0,D,D
REINIER,Frosinone,0.0,0.0,D,D
ROMAGNOLI S.,Frosinone,23.01,23.09,A,A
SOULE',Frosinone,6.14,6.57,B,B
SZYMINSKI,Frosinone,0.0,0.0,D,D
TURATI,Frosinone,5.5,2.5,B,D
ARAMU,Genoa,6.14,6.77,B,B
BADELJ,Genoa,29.43,29.49,A,A
BANI,Genoa,28.86,27.97,A,A
BIRASCHI,Genoa,29.08,31.720000000000002,A,A
CODA M.,Genoa,0.0,0.0,D,D
DE WINTER,Genoa,5.73,5.62,C,D
DRAGUSIN,Genoa,5.9159999999999995,5.900999999999999,B,C
EKUBAN,Genoa,5.912999999999999,5.951999999999999,B,D
FRENDRUP,Genoa,5.9399999999999995,6.1,C,C
GUDMUNDSSON A.,Genoa,6.428999999999999,6.471,A,B
HAPS,Genoa,5.84,5.88,C,C
HEFTI,Genoa,5.767999999999999,5.7589999999999995,C,D
JAGIELLO,Genoa,5.0,5.0,D,D
KUTLU,Genoa,0.0,0.0,D,D
LEALI,Genoa,0.0,0.0,D,D
MALINOVSKYI,Genoa,24.15,25.7,A,A
MARTIN,Genoa,6.0,6.0,B,B
MARTINEZ JO.,Genoa,6.0,4.0,B,D
MATTURRO,Genoa,0.0,0.0,D,D
MELEGONI,Genoa,5.959,6.017999999999999,C,C
MESSIAS,Genoa,6.0360000000000005,6.6754999999999995,B,B
PAJAC,Genoa,6.0,6.35,B,A
PUSCAS,Genoa,5.45,5.73,D,D
RETEGUI,Genoa,6.25,7.5,A,A
SABELLI,Genoa,5.912999999999999,5.85,B,C
SOMMARIVA,Genoa,0.0,0.0,D,D
STROOTMAN,Genoa,29.229999999999997,29.02,A,A
THORSBY,Genoa,5.7635,5.877,D,D
VASQUEZ,Genoa,5.8905,5.8759999999999994,C,C
VOGLIACCO,Genoa,0.0,0.0,D,D
YALCIN,Genoa,0.0,0.0,D,D
ACERBI,Inter,30.07,30.36,A,A
ARNAUTOVIC,Inter,6.389,7.547000000000001,A,A
ASLLANI,Inter,5.944,5.946,C,D
AUDERO,Inter,24.84,19.17,A,A
BARELLA,Inter,37.55,39.18,A,A
BASTONI,Inter,37.14,37.33,A,A
BISSECK,Inter,0.0,0.0,D,D
BISSECK,Inter,0.0,0.0,D,D
CALHANOGLU,Inter,37.61,40.37,A,A
CARLOS AUGUSTO,Inter,6.047999999999999,6.228,B,B
CORREA,Inter,24.25,26.79,A,A
CUADRADO,Inter,36.589999999999996,38.27,A,A
DARMIAN,Inter,24.64,25.42,A,A
DE VRIJ,Inter,36.78,37.36,A,A
DI GENNARO,Inter,0.0,0.0,D,D
DIMARCO,Inter,31.11,32.84,A,A
DUMFRIES,Inter,6.174500000000001,6.7155,A,A
ESPOSITO,Inter,0.0,0.0,D,D
FRATTESI,Inter,6.181,6.5675,B,B
GOSENS,Inter,30.57,32.68,A,A
MARTINEZ L.,Inter,32.83,42.64,A,A
MKHITARYAN,Inter,24.880000000000003,26.95,A,A
PAVARD,Inter,0.0,0.0,D,D
SANCHEZ,Inter,6.211999999999999,7.039,A,B
SENSI,Inter,30.0,30.86,A,A
SOMMER,Inter,6.0,6.0,B,A
STANKOVIC F.,Inter,0.0,0.0,D,D
THURAM,Inter,6.75,7.25,A,A
ALEX SANDRO,Juventus,35.559999999999995,35.849999999999994,A,A
BONUCCI,Juventus,30.029999999999998,31.130000000000003,A,A
BREMER,Juventus,29.77,30.439999999999998,A,A
CAMBIASO,Juventus,6.0714999999999995,6.237500000000001,B,B
CHIESA,Juventus,37.78,42.33,A,A
DANILO,Juventus,25.13,25.36,A,A
DE SCIGLIO,Juventus,30.259999999999998,30.65,A,A
FAGIOLI,Juventus,5.984500000000001,6.2835,C,B
GATTI,Juventus,5.94,5.81,B,C
GONZALEZ F.,Juventus,0.0,0.0,D,D
HUIJSEN,Juventus,0.0,0.0,D,D
ILING JUNIOR,Juventus,6.232,6.710999999999999,A,B
KEAN,Juventus,23.88,27.31,A,A
KOSTIC,Juventus,6.11,6.6,B,B
LOCATELLI,Juventus,36.21,36.589999999999996,A,A
MCKENNIE,Juventus,24.05,25.21,A,A
MILIK,Juventus,24.28,27.560000000000002,A,A
MIRETTI,Juventus,5.974,6.013,C,C
NICOLUSSI CAVIGLIA,Juventus,5.811,5.936999999999999,C,D
PERIN,Juventus,36.92,30.64,A,A
PINSOGLIO,Juventus,24.0,19.0,A,A
POGBA,Juventus,5.999999999999999,5.999999999999999,C,D
RABIOT,Juventus,24.31,26.560000000000002,A,A
RUGANI,Juventus,29.82,30.54,A,A
SZCZESNY,Juventus,37.65,34.11,A,A
VLAHOVIC,Juventus,31.349999999999998,39.64,A,A
WEAH,Juventus,6.0,6.0,B,C
YILDIZ,Juventus,0.0,0.0,D,D
ADAMONIS,Lazio,0.0,0.0,D,D
BASIC,Lazio,5.954999999999999,6.09,C,C
CASALE,Lazio,5.9775,5.982,B,C
CASTELLANOS,Lazio,0.0,0.0,D,D
CATALDI,Lazio,35.42,35.6,A,A
FELIPE ANDERSON,Lazio,24.04,26.31,A,A
GILA,Lazio,5.5,5.5,D,D
GUENDOUZI,Lazio,0.0,0.0,D,D
HYSAJ,Lazio,29.229999999999997,29.340000000000003,A,A
IMMOBILE,Lazio,37.32,47.81,A,A
ISAKSEN,Lazio,5.75,5.5,C,D
KAMADA,Lazio,5.5,5.5,D,D
LAZZARI,Lazio,36.769999999999996,37.43,A,A
LUIS ALBERTO,Lazio,37.459999999999994,41.620000000000005,A,A
LUIS MAXIMIANO,Lazio,4.0,3.0,D,D
MANDAS,Lazio,0.0,0.0,D,D
MARCOS ANTONIO,Lazio,6.0,6.25,B,B
MARUSIC,Lazio,34.540000000000006,35.010000000000005,A,A
PATRIC,Lazio,34.75,34.55,A,A
PEDRO,Lazio,24.25,26.11,A,A
PELLEGRINI LU.,Lazio,29.259999999999998,28.049999999999997,A,A
PROVEDEL,Lazio,30.409999999999997,22.27,A,A
ROMAGNOLI,Lazio,36.0,36.16,A,A
ROVELLA,Lazio,6.0595,6.0845,B,C
SEPE,Lazio,30.599999999999998,24.130000000000003,A,A
VECINO,Lazio,35.86,37.66,A,A
ZACCAGNI,Lazio,30.39,32.16,A,A
ALMQVIST,Lecce,6.5,8.0,A,A
BANDA,Lecce,6.365,6.7509999999999994,A,B
BASCHIROTTO,Lecce,6.196,6.244,A,B
BLEVE,Lecce,0.0,0.0,D,D
BLIN,Lecce,5.981999999999999,5.972999999999999,C,D
BORBEI,Lecce,0.0,0.0,D,D
BRANCOLINI,Lecce,0.0,0.0,D,D
BURNETE,Lecce,6.0,6.0,B,C
CEESAY,Lecce,5.97,6.53,B,B
CORFITZEN,Lecce,0.0,0.0,D,D
DERMAKU,Lecce,5.574999999999999,5.574999999999999,D,D
DI FRANCESCO F.,Lecce,30.94,35.29,A,A
DORGU,Lecce,6.0,5.75,B,D
FALCONE,Lecce,6.33,5.051,A,B
FATICANTI,Lecce,0.0,0.0,D,D
GALLO,Lecce,6.121,6.42,B,A
GENDREY,Lecce,5.614,5.43,D,D
GONZALEZ J.,Lecce,5.638,5.4479999999999995,D,D
HELGASON,Lecce,5.79,5.79,D,D
HJULMAND,Lecce,6.1,6.03,B,C
KABA,Lecce,6.0,6.0,B,C
KRSTOVIC,Lecce,7.0,10.0,A,A
OUDIN,Lecce,5.98,6.3,C,B
PICCOLI,Lecce,28.85,30.669999999999998,A,A
PONGRACIC,Lecce,5.6499999999999995,5.2669999999999995,D,D
PONGRACIC,Lecce,5.6499999999999995,5.2669999999999995,D,D
RAFIA,Lecce,6.25,7.75,A,A
RAMADANI,Lecce,6.0,6.0,B,C
RODRIGUEZ P.,Lecce,6.0,6.0,B,C
SMAJLOVIC,Lecce,0.0,0.0,D,D
STREFEZZA,Lecce,5.917999999999999,5.940999999999999,C,D
TOUBA,Lecce,0.0,0.0,D,D
VENUTI,Lecce,22.529999999999998,22.09,A,A
VOELKERLING PERSSON,Lecce,5.83,5.83,C,D
ADLI,Milan,5.62,5.5,D,D
BALLO-TOURE',Milan,5.7940000000000005,6.052999999999999,C,B
BENNACER,Milan,24.14,24.42,A,A
CALABRIA,Milan,36.46,37.25,A,A
CHUKWUEZE,Milan,6.0,6.0,B,C
FLORENZI,Milan,24.03,24.59,A,A
GIROUD,Milan,6.495,8.4375,A,A
HERNANDEZ T.,Milan,25.12,27.46,A,A
KALULU,Milan,23.73,24.14,A,A
KJAER,Milan,6.1625000000000005,5.9365000000000006,A,C
KRUNIC,Milan,30.209999999999997,30.590000000000003,A,A
LOFTUS-CHEEK,Milan,6.5,7.0,A,A
MAIGNAN,Milan,6.144500000000001,5.414,A,A
MIRANTE,Milan,6.4175,5.7459999999999996,A,A
MUSAH,Milan,6.0,6.0,B,C
OKAFOR,Milan,6.0,6.0,B,C
ORIGI,Milan,5.74,6.05,C,C
PELLEGRINO,Milan,0.0,0.0,D,D
POBEGA,Milan,24.32,25.6,A,A
PULISIC,Milan,7.25,10.25,A,A
RAFAEL LEAO,Milan,25.869999999999997,29.770000000000003,A,A
REIJNDERS,Milan,6.5,7.0,A,A
ROMERO L.,Milan,6.025,7.074999999999999,B,A
SPORTIELLO,Milan,30.85,24.380000000000003,A,A
THIAW,Milan,6.151,5.936999999999999,A,C
TOMORI,Milan,24.880000000000003,25.01,A,A
AKPA AKPRO,Monza,5.5665000000000004,5.4855,D,D
ANTOV,Monza,5.4079999999999995,5.25,D,D
BIRINDELLI,Monza,6.124,6.106,B,B
CALDIROLA,Monza,5.917,5.956,B,C
CAPRARI,Monza,36.66,40.1,A,A
CARBONI A.,Monza,5.33,5.33,D,D
CARBONI F.,Monza,6.25,6.25,A,B
CARBONI V.,Monza,0.0,0.0,D,D
CITTADINI,Monza,0.0,0.0,D,D
CIURRIA,Monza,6.0569999999999995,6.593,B,B
COLOMBO,Monza,5.883,6.183999999999999,C,C
COLPANI,Monza,6.904999999999999,9.161,A,A
D'ALESSANDRO,Monza,6.0475,6.0285,B,C
D'AMBROSIO,Monza,36.129999999999995,37.84,A,A
DI GREGORIO,Monza,6.609,5.521999999999999,A,A
DIAW,Monza,0.0,0.0,D,D
GAGLIARDINI,Monza,35.870000000000005,37.36,A,A
GORI,Monza,5.93,5.71,B,A
IZZO,Monza,36.49,36.28,A,A
KYRIAKOPOULOS,Monza,23.22,23.490000000000002,A,A
LAMANNA,Monza,6.5,5.5,A,A
MACHIN,Monza,5.897500000000001,5.972500000000001,C,D
MARI',Monza,5.895,5.965999999999999,C,C
MARIC,Monza,6.0,6.0,B,C
MOTA,Monza,5.851999999999999,6.0169999999999995,C,C
PESSINA,Monza,30.12,31.14,A,A
SORRENTINO A.,Monza,0.0,0.0,D,D
VALOTI,Monza,5.791,5.909000000000001,D,D
VIGNATO S.,Monza,6.25,6.75,A,B
CAJUSTE ,Napoli,5.0,4.5,D,D
CONTINI,Napoli,0.0,0.0,D,D
DEMME,Napoli,5.9295,6.017500000000001,C,C
DI LORENZO,Napoli,31.96,35.5,A,A
ELMAS,Napoli,24.14,25.34,A,A
GAETANO,Napoli,6.084,6.616,B,B
GOLLINI,Napoli,24.46,21.12,A,A
JUAN JESUS,Napoli,35.61,35.620000000000005,A,A
KVARATSKHELIA,Napoli,6.536,7.638,A,A
LINDSTROM,Napoli,0.0,0.0,D,D
LOBOTKA,Napoli,24.549999999999997,24.27,A,A
LOZANO,Napoli,6.1385000000000005,6.781000000000001,B,B
MARIO RUI,Napoli,35.9,36.32,A,A
MERET,Napoli,36.92,32.14,A,A
NATAN,Napoli,0.0,0.0,D,D
OLIVERA,Napoli,6.005999999999999,5.905999999999999,B,C
OSIMHEN,Napoli,27.04,36.7,A,A
OSTIGARD,Napoli,5.888999999999999,5.773,C,D
POLITANO,Napoli,37.5,41.71,A,A
RASPADORI,Napoli,23.990000000000002,24.509999999999998,A,A
RRAHMANI,Napoli,25.05,25.71,A,A
SACO,Napoli,0.0,0.0,D,D
SIMEONE,Napoli,29.83,34.61,A,A
ZAMBO ANGUISSA,Napoli,6.2545,6.473,A,B
ZANOLI,Napoli,5.975999999999999,6.148999999999999,B,B
ZERBIN,Napoli,5.75,5.62,D,D
ZIELINSKI,Napoli,37.58,40.34,A,A
ABRAHAM,Roma,6.211,7.1579999999999995,A,B
AOUAR,Roma,6.75,8.0,A,A
AZMOUN,Roma,0.0,0.0,D,D
BELOTTI,Roma,37.56,45.2,A,A
BOER,Roma,0.0,0.0,D,D
BOVE,Roma,6.0945,6.397500000000001,B,B
CELIK,Roma,5.81,5.69,C,D
CRISTANTE,Roma,36.0,36.81,A,A
DYBALA,Roma,36.5,42.06,A,A
EL SHAARAWY,Roma,36.31,39.76,A,A
IBANEZ,Roma,5.827,5.916500000000001,C,C
KARSDORP,Roma,35.120000000000005,35.22,A,A
KRISTENSEN,Roma,5.5,5.5,D,D
KUMBULLA,Roma,5.710999999999999,5.523,C,D
LLORENTE D.,Roma,5.842999999999999,6.193,C,B
LUKAKU,Roma,6.356999999999999,8.029,A,A
MANCINI,Roma,35.68,36.290000000000006,A,A
MATIC,Roma,6.16,6.32,B,B
N'DICKA,Roma,0.0,0.0,D,D
PAGANO,Roma,0.0,0.0,D,D
PAREDES,Roma,5.7589999999999995,6.109,D,C
PELLEGRINI LO.,Roma,36.69,38.67,A,A
RENATO SANCHES,Roma,6.0,6.0,B,C
RUI PATRICIO,Roma,5.9254999999999995,4.759,B,D
SMALLING,Roma,23.919999999999998,24.369999999999997,A,A
SOLBAKKEN,Roma,5.632,5.7669999999999995,D,D
SPINAZZOLA,Roma,36.57,37.05,A,A
SVILAR,Roma,6.0,4.83,B,C
ZALEWSKI,Roma,23.58,24.72,A,A
BOHINEN,Salernitana,5.875500000000001,5.853000000000001,C,D
BOTHEIM,Salernitana,5.43,5.345,D,D
BRADARIC,Salernitana,5.835,5.8755,C,C
BRONN,Salernitana,5.57,5.43,D,D
CANDREVA,Salernitana,37.94,43.64,A,A
COSTIL,Salernitana,0.0,0.0,D,D
COULIBALY L.,Salernitana,6.0075,6.1105,B,C
COULIBALY M.,Salernitana,6.055999999999999,6.377999999999999,B,B
DANILIUC,Salernitana,5.69,5.5,D,D
DIA,Salernitana,6.430999999999999,7.946,A,A
FAZIO,Salernitana,35.28,36.84,A,A
FIORILLO,Salernitana,5.999999999999999,3.0999999999999996,B,D
GYOMBER,Salernitana,5.808,5.6899999999999995,C,D
IKWUEMESI,Salernitana,0.0,0.0,D,D
JOVANE,Salernitana,5.948999999999999,6.248999999999999,B,C
KASTANOS,Salernitana,23.17,23.14,A,A
LEGOWSKI,Salernitana,0.0,0.0,D,D
LOVATO,Salernitana,23.48,23.17,A,A
MAGGIORE,Salernitana,23.96,23.79,A,A
MARTEGANI,Salernitana,6.5,6.5,A,B
MAZZOCCHI,Salernitana,6.036500000000001,6.2235000000000005,B,B
OCHOA,Salernitana,6.494,4.985,A,C
PIROLA,Salernitana,5.584,5.282,D,D
SAMBIA,Salernitana,5.88,5.92,C,C
STEWART,Salernitana,0.0,0.0,D,D
TCHAOUNA,Salernitana,0.0,0.0,D,D
VALENCIA D.,Salernitana,5.67,5.58,D,D
ALVAREZ A.,Sassuolo,5.95,6.35,B,C
BAJRAMI,Sassuolo,5.877000000000001,6.0885,C,C
BERARDI,Sassuolo,31.549999999999997,37.22,A,A
BOLOCA,Sassuolo,5.0,5.0,D,D
CASTILLEJO,Sassuolo,5.9805,6.0645,C,C
CEIDE,Sassuolo,5.753500000000001,5.7989999999999995,C,D
CONSIGLI,Sassuolo,37.18,27.64,A,A
CRAGNO,Sassuolo,30.270000000000003,21.32,A,A
DEFREL,Sassuolo,35.07,37.07,A,A
ERLIC,Sassuolo,23.72,24.05,A,A
FERRARI G.,Sassuolo,29.27,29.62,A,A
FLAMINGO,Sassuolo,0.0,0.0,D,D
LAURIENTE',Sassuolo,6.292,6.529,A,B
LIPANI,Sassuolo,0.0,0.0,D,D
LOPEZ M.,Sassuolo,22.88,22.3,A,A
MATHEUS HENRIQUE,Sassuolo,5.867000000000001,6.0955,C,C
MISSORI,Sassuolo,5.5,5.5,D,D
MULATTIERI,Sassuolo,6.0,6.0,B,C
OBIANG,Sassuolo,5.8709999999999996,5.797999999999999,C,D
PEDERSEN,Sassuolo,5.5,5.5,D,D
PEGOLO,Sassuolo,30.25,22.75,A,A
PINAMONTI,Sassuolo,35.370000000000005,38.25,A,A
RACIC,Sassuolo,6.0,6.0,B,C
ROGERIO,Sassuolo,28.79,28.43,A,A
THORSTVEDT,Sassuolo,5.824999999999999,5.885,C,D
TOLJAN,Sassuolo,22.57,22.6,A,A
TRESSOLDI,Sassuolo,5.5,5.0,D,D
VINA,Sassuolo,5.536,5.536,D,D
VITI,Sassuolo,6.295999999999999,6.239,A,B
VOLPATO,Sassuolo,6.299999999999999,7.669,A,A
BELLANOVA,Torino,5.873000000000001,5.885,C,C
BUONGIORNO,Torino,23.150000000000002,22.71,A,A
DJIDJI,Torino,23.2,23.11,A,A
GEMELLO,Torino,6.5,6.5,A,A
GINEITIS,Torino,6.0,5.5,B,D
ILIC,Torino,23.799999999999997,24.03,A,A
ILKHAN,Torino,5.83,5.75,C,D
KARAMOH,Torino,23.86,25.18,A,A
LAZARO,Torino,5.999999999999999,6.014999999999999,B,B
LINETTY,Torino,35.21,35.349999999999994,A,A
MILINKOVIC-SAVIC V.,Torino,35.6,26.34,A,A
N'GUESSAN,Torino,0.0,0.0,D,D
PELLEGRI,Torino,23.4,25.4,A,A
POPA,Torino,0.0,0.0,D,D
RADONJIC,Torino,5.882,5.986999999999999,C,D
RICCI S.,Torino,6.0360000000000005,6.1375,B,C
RODRIGUEZ R.,Torino,34.36,34.19,A,A
SANABRIA,Torino,29.919999999999998,33.33,A,A
SAZONOV,Torino,0.0,0.0,D,D
SCHUURS,Torino,5.888,6.9319999999999995,C,A
SECK,Torino,6.041999999999999,6.041999999999999,B,C
SINGO,Torino,6.083,6.297000000000001,B,B
SOPPY,Torino,5.800999999999999,5.862,C,C
TAMEZE,Torino,6.1125,6.319,B,B
VERDI,Torino,30.22,33.800000000000004,A,A
VLASIC,Torino,5.5409999999999995,5.721,D,D
VOJVODA,Torino,23.33,23.830000000000002,A,A
ZAPATA D.,Torino,37.68,45.379999999999995,A,A
ZIMA,Torino,5.86,5.848,C,C
ABANKWAH,Udinese,6.5,6.5,A,A
AKE' M.,Udinese,6.0,5.75,B,D
BETO,Udinese,5.955500000000001,6.721,B,B
BIJOL,Udinese,5.614,5.659,D,D
BRENNER,Udinese,0.0,0.0,D,D
CAMARA E.,Udinese,0.0,0.0,D,D
DEULOFEU,Udinese,6.405499999999999,7.355499999999999,A,A
EBOSELE,Udinese,5.6499999999999995,5.6499999999999995,D,D
EBOSSE,Udinese,5.64,5.54,D,D
EHIZIBUE,Udinese,5.79,5.93,C,C
FERREIRA J.,Udinese,5.5,5.25,D,D
GUESSAND A.,Udinese,6.5,6.5,A,A
KABASELE,Udinese,5.75,5.25,C,D
KAMARA H.,Udinese,6.0,6.0,B,B
KRISTENSEN T.,Udinese,0.0,0.0,D,D
LOVRIC,Udinese,6.053999999999999,6.037999999999999,B,C
LUCCA,Udinese,6.25,6.75,A,B
MASINA,Udinese,5.826,6.1049999999999995,C,B
OKOYE,Udinese,0.0,0.0,D,D
PADELLI,Udinese,6.119,3.9499999999999997,A,D
PAFUNDI,Udinese,5.824999999999999,5.824999999999999,C,D
PEREZ N.,Udinese,5.875500000000001,5.8475,C,C
PIANA,Udinese,0.0,0.0,D,D
QUINA,Udinese,0.0,0.0,D,D
SAMARDZIC,Udinese,6.1505,6.893000000000001,B,A
SILVESTRI,Udinese,30.370000000000005,20.85,A,A
SUCCESS,Udinese,5.9435,6.1835,B,C
THAUVIN,Udinese,5.903999999999999,5.903999999999999,B,D
VIVALDO,Udinese,6.0,6.0,B,C
WALACE,Udinese,23.5,23.09,A,A
ZARRAGA,Udinese,5.0,5.0,D,D
ZEMURA,Udinese,6.0,6.0,B,B
AMIONE,Verona,5.69,5.63,D,D
BERARDI A.,Verona,6.35,4.25,A,D
BONAZZOLI,Verona,30.4,33.69,A,A
BRAAF,Verona,5.757,6.0009999999999994,C,C
CABAL,Verona,5.89,5.72,C,D
CECCHERINI,Verona,29.24,28.82,A,A
COPPOLA D.,Verona,5.851,5.753500000000001,C,D
DAWIDOWICZ,Verona,23.69,23.19,A,A
DJURIC,Verona,6.0445,6.1715,B,C
DOIG,Verona,6.3709999999999996,6.505999999999999,A,A
DUDA,Verona,6.645999999999999,8.179,A,A
FARAONI,Verona,29.889999999999997,31.230000000000004,A,A
FOLORUNSHO,Verona,6.25,6.25,A,B
GUNTER,Verona,23.08,22.87,A,A
HENRY,Verona,5.93,6.3260000000000005,B,C
HIEN,Verona,5.632,4.89,D,D
HONGLA,Verona,5.764,5.618,D,D
HRUSTIC,Verona,5.4,5.4,D,D
JOSELITO,Verona,0.0,0.0,D,D
KALLON,Verona,5.965,5.9775,B,D
LASAGNA,Verona,29.2,31.700000000000003,A,A
LAZOVIC,Verona,30.54,32.18,A,A
MAGNANI,Verona,30.049999999999997,29.130000000000003,A,A
MBOULA,Verona,5.5,5.5,D,D
MONTIPO',Verona,24.52,19.07,A,A
NGONGE,Verona,6.186999999999999,7.444,B,A
PERILLI,Verona,6.5,6.5,A,A
SAPONARA,Verona,36.709999999999994,38.91,A,A
SERDAR,Verona,6.0,6.0,B,C
TCHATCHOUA,Verona,0.0,0.0,D,D
TERRACCIANO F.,Verona,6.374,6.385999999999999,A,A
